Keyword,Playlist Name,Owner,Playlist ID
sensual,sensual,allyson,4ktvuo2qrtjqZQinE30qck
sensual,sensual,Mr_piggy-573,5ozoSFOaYbRRRrr8bPhk1C
sensual,sensual ,anto,0lyLN2Gn7nqjBLLFTodJHL
sensual,"SEX PLAYLIST / SENSUAL 🔞 (Hot Bedroom Songs, Dark Romance, Sexual R&B, Sexy Songs, Songs To Feel Hot, Spicy Wattpad Fanfics, Erotic Smut, Dark R&B, Sexual Tension, Freaky, Getting Railed, NSFW 18+)",VIZIER,3PLdzvyOaVrvOnuGT08Cb6
sensual,cuddle & slow sex.,dizzypuzzy,1mYRXlASPypMUaIPsjyTKJ
sensual,INHEAT(make out songs)😝,Gamer Skill PH,6ILcYd1v37BGEQlSK6PedN
sensual,Rnb girls we trust🫀,Angel,7AerEAcJHkIczkipxD93tD
sensual,Sensual RNB 🤭💦,Tai,0pk0wzQFD9Shd7hzSAVK66
sensual,sensual,mariaaa.turcotte,6tW0URua2aqFZQ9SVSfPmH
sensual,Sensual Feminine 🌹🔥,Nat,7DIOUC4O3dhMXcMZEiUKPM
sensual,"R&B, Sensual and Others ✨",Bunny,3W5oCqDwdcKmNo4lL9cFyU
sensual,Sex Playlist (Slow Bedroom Music) 💋,Tidemusic,1iusWdgZvlyO1T2VfZ7ShU
sensual,maya ka sa'kin,seo,5z8U7ibxY7SbaTIU396xKo
sensual,Hot songs to make out to🥵,KjilleMinke,4AkXXHPrY7KLzUXgVXNWZr
sensual,Sensual Massage Slowcore,Sensual Bodyworks,6JNjnVi0FFCbd9X7KwU5DX
sensual,Intimate sensual freak,Cowmilk,6KPagUJyM6PCAoqVxa9khf
sensual,"Sensual Tantric Healing Playlist | Intimate Moments, Relaxing, Sexuality Therapy Music",88DS,29y0ksKf7pLoXtmX9BcFzp
sensual,slow and sensual,ebrahimreha,3zAJyN1T2PWH8OxfpdslXh
sensual,Bedroom Playlist 2026 🔥,Pixel Aesthetic,5YSWJV8CuC6a2KK2zArskA
sensual,Freaky Playlist • Sex Music 😏👅💦,Noémi Reyes,6hh4qPprTNLbDkCLzwE0P7
sensual,feeling hot and flirty,takoyaki,2xcHpbXdbWt8MjBNGYWb42
sensual,Sex Songs 2026 😈 Bedroom Playlist,Den Haku Records,5INRJHYwsLHOcgsKr0fR01
sensual,Magic Mike Playlist 😏,Mia,26ASrk4VVFIpimdMH4GGJI
sensual,SEXY SENSUAL PLAYLIST 2026 |  Seductive Beats | Hot and Steamy Hits | Pole Dance Music,Bruna J. @Brunajeeh,5e434MGaSp34Xp3goFo8Si
sensual,An ACTUAL freaky playlist.,John Price’s Wife,4EeWGdbgonJHC2A9T7nAfE
sensual,Seductive vibe;),_lynda_.20,0MjH9fdQyO3AXEzgkKSrHW
sensual,RNB | Late nights,DJ DENNY HUS,1LmWwzjf223RY1d9eI5NUC
sensual,R&B GIRLIES 💓,VIZIER RADIO,02AVY05NlEG4GV1b9Ol5vu
sensual,DARK RNB VIBES 🖤,VIZIER RADIO,0WV43FFzgC5izMPPuNCcxK
sensual,Sensuous,Lunightroad,1Wh4cdTob5Yt4XhnMdgLUG
sensual,songs i wanna get fucked to 🥀💋,Trinna,5D9FkxsPDccQxllsUrVnIK
sensual,*aggressively make out*,<333,4fVlwGjKx8Xvi76pLfdKrq
sensual,Wild songs,Stfu,4dvLKuhIbTQiaDD7wX7eEz
sensual,Spa Massage Music 2026 Relaxing Songs,Handpicked Vibes,00FD7uok5bnbXdWQB4WXtB
sensual,"slayble, rizz, attractive, slutty, hot songs 💅😉🗿🫦🥵",Jamessardadillas,4fpzbebifczfOjrKJDgv2C
sensual,✨Sensual playlist ✨,Bruna Zé da goiaba,7yu0NOq39LlW4S6hG1J1jg
sensual,Instrumental Sex Songs · Sexy R&B & Bedroom Pop 💋,Tidemusic,5otLG6dvHRLGzcQgfsjc5f
sensual,trap soul & R&B,cowpenguin1,3vOpFtbXnFmFCKHAYGUlbk
sensual,"The sluttiest, most attractive songs😛✌️",Aeva,1tipqis4QtnYOHwu6Fj4hF
sensual,18+ ONLY SONGS🔞💦,sam_xoxo💋,3Ru3Tm9r27mxZokqmG1Ku3
intimacy,intimacy,daise,0iwJXyDpc7IBU3Ey2qeSP0
intimacy,Intimacy ,Kai Ptv,0drylnS1V1HYR9YjAOCXS9
intimacy,Intimacy,— kycee,4SYIcAFQW3LDKc3l3xerGn
intimacy,intimacy is a fucking joke,Marlbororo,6iKEOf514DHyuJWjN6qGOx
intimacy,intimacy,jailahnoelle,4Fr35oWZ3Gy4iYWT5e6Bnc
intimacy,intimacy,jp,0zOytshhslamxCUHwUYXhu
intimacy,cuddle & slow sex.,dizzypuzzy,1mYRXlASPypMUaIPsjyTKJ
intimacy,[ soft intimacy ],mangel,5Df9czF3xTjJkWVRpNQ9JG
intimacy,Hot songs to make out to🥵,KjilleMinke,4AkXXHPrY7KLzUXgVXNWZr
intimacy,INHEAT(make out songs)😝,Gamer Skill PH,6ILcYd1v37BGEQlSK6PedN
intimacy,Intimacy.,m0mmyX0,3Xq28BJegJ5agCIQMR2MNQ
intimacy, softness & intimacy ,Tiffi ᶻ 𝘇 𐰁,7lpveF4F78NtSHwMmWOcXv
intimacy,intimacy ,marß,1sc8g0SB4ouzt6SoILgKGh
intimacy,the art of intimacy,sofi,6XV5iDENB4Du4dr2VN16ch
intimacy,passion and intimacy 🛐,naomiaw,3H9VpZFqPhUD9bFMZWQt8e
intimacy,unwavering yearn for intimacy,M.ice,0eCWT5QBNtL7ztKCt12mVW
intimacy,*aggressively make out*,<333,4fVlwGjKx8Xvi76pLfdKrq
intimacy,"SEX PLAYLIST / SENSUAL 🔞 (Hot Bedroom Songs, Dark Romance, Sexual R&B, Sexy Songs, Songs To Feel Hot, Spicy Wattpad Fanfics, Erotic Smut, Dark R&B, Sexual Tension, Freaky, Getting Railed, NSFW 18+)",VIZIER,3PLdzvyOaVrvOnuGT08Cb6
intimacy,dialed to eleven pt. 2,ji ra,1cXqOO8KhJG1739ngT9grV
intimacy,"parinig gusto, confess ayaw?",lavviene,7ulJzwHKRjWLbyY4ibHe9t
intimacy,intimacy,drei,7wiCIjWdD5nMZJwLdQSKKd
intimacy,gentle intimacy,jai,15S0PdG5IaHfNKoTyoKGbi
intimacy,intimacy🫀,nehemie🦄🎀,42q2f1TwMA05v6Qeyo9Sx9
intimacy,Bedroom Playlist 2026 🔥,Pixel Aesthetic,5YSWJV8CuC6a2KK2zArskA
intimacy,evil intimate songs,ceana,5fiREfAADonpz9VIHAXBYa
intimacy,Pang in-heat😝,tlv.xn II,4dbi4EpfR0iAsSFMBkgNlP
intimacy,Para sa mga inheat 😩,Xy,33KXoXzw8uBuyIO6kRzyCc
intimacy,i yearn for you more than i can imagine,aj,57LGJzNdXazDBHldvHHwrt
intimacy,songs to make love non-stop 🥵💋,OBSCVRV,2Wumi8Vo71PTxsr3ferMZ1
intimacy,the intimacy of suffocation,exequiel,076tNT4M0nw1ahibHI1AmN
intimacy,evil intimacy,ani,2BmWAJ9yjuTKnzD17VauuV
intimacy,gentle intimacy,tranitytran,0qtRSZaxSGCDZSc8rOayFn
intimacy,Deep Intimate Worship,Tito,3fvKLcJTsvgxeCgmy0pE2i
intimacy,parang gago kinikilig ako,Suki,3ch1SltYN1sH9Vr4UOjhM7
intimacy,pang inuman playlist,Bheng,3eqv8zgkj3cqfmvmCg9TKU
intimacy,inㅤmyㅤfeels,Toni,1S6bsj2othr9mM6dR8kHnj
intimacy,Seductive Lofi,Calmas Records,0NDBjfLziHeD1lRjgWhAHZ
intimacy,18+ Bedroom Moans Love pleasures sounds,Moaning Asmr orgasm Sex Sounds,3awrGKWJX65rlzYQMHqkYi
intimacy,songs that create intimacy >>,Ultra <3,1I8DClLVHBF7fB3irPmgS7
intimacy,INTIMACY,Tine,6AdzoHckRbJPgl72IpLfPH
bedroom,bedroom,Tombeur,0jmwhaeapolaTPBtGyuY2T
bedroom,bedroom,Katie Medley,13HmHhddE1HpWGvMCujRSE
bedroom,cuddle & slow sex.,dizzypuzzy,1mYRXlASPypMUaIPsjyTKJ
bedroom,Bedroom Playlist 2026 🔥,Pixel Aesthetic,5YSWJV8CuC6a2KK2zArskA
bedroom,my fav bedroom pop,ella,7JreMhZEn5YOB9fFxCXRaA
bedroom,OPM Bedroom Playlist,🏍️,3mNR044Hmtia9g8Jd8uO3w
bedroom,INHEAT(make out songs)😝,Gamer Skill PH,6ILcYd1v37BGEQlSK6PedN
bedroom,Indie Pop 2026 🎸 Best New Indie Hits | Alt Pop | Bedroom Pop | Dream Pop | Feel Good | Indie Vibes,Low Tide Sounds,7kWJxKMkhL3zOLA7QnJ5gk
bedroom,chill pop,Filtr Asia,4kxdW2i4aV6vvUEXY3oAJ9
bedroom,bedroom pop/indie/alternative(pop),Bgs2002,0SHsGael4SUBlIoL1uaGWg
bedroom,bedroom,SK,2NH8If4xhi8TmO3UnxjYex
bedroom,bedroom,PeridotCraponite,2LLEdrIuxwplNbg6kTHQZR
bedroom,bedroom ,Chimmi,24iPiKNfBtWeLuO5X527Dc
bedroom,"SEX PLAYLIST / SENSUAL 🔞 (Hot Bedroom Songs, Dark Romance, Sexual R&B, Sexy Songs, Songs To Feel Hot, Spicy Wattpad Fanfics, Erotic Smut, Dark R&B, Sexual Tension, Freaky, Getting Railed, NSFW 18+)",VIZIER,3PLdzvyOaVrvOnuGT08Cb6
bedroom,actual bedroom pop :*,supahawt,2CE2vhBax3mr009YOUHVWu
bedroom,Sex Playlist (Slow Bedroom Music) 💋,Tidemusic,1iusWdgZvlyO1T2VfZ7ShU
bedroom,Hot songs to make out to🥵,KjilleMinke,4AkXXHPrY7KLzUXgVXNWZr
bedroom,songs to stare at the ceiling to ☁️,DJ Fuerte,71fpSNaedOHHcTluUhuT6a
bedroom,bedroom,alexis,4BNtKnGn2Se1R5dJ1yeOld
bedroom,bedroom,dossio,43Pv3YTgWH6ZA8vmw9h6Vw
bedroom,Freaky Bedroom playlist ❤‍🔥,!V4MP1RE¡,2aPZdSPEmdFkJuvyMT7tNS
bedroom,bedroom ,vae,302WyVn7GyO7Ruu0IvXKOf
bedroom,bedroom,Danil,5trfBASX9Zqg527HhrKFTR
bedroom,bedroom~,Hay,6QrFdaD41MqWyxSxPiqIH7
bedroom,"Freaky R&B Playlist ft. Bruno Marz, The Weeknd, Daniel Caesar, Frank Ocean, Rihanna,Sza,Brent Faiya",Deemus,6yMSsiYkV1aZSC6B3KtF3j
bedroom,2016-2019 bedroom pop ,Luis,4PHJlIAzCH3MHdA2eovisH
bedroom,bedroommmm,Ooop Art,7L9V5BASC3npa74ZJSWZ3X
bedroom,Bedroom jams 🥵😈💦,Lilboat,3NJt9AdW0HpyPTe8WP5XRi
bedroom,Best R&B Bedroom Playlist 🔥 🔥 🔥,TIDE UP,7GDTSuqNzovFTigQtVBuKf
bedroom,bedroom,Isabella lol,6HC3AXxt1UyJm07vU1Xjtp
bedroom,bedroom jam,woof,2qVQT0ZSnuv4iKZ24jdLSw
bedroom,Wild songs,Stfu,4dvLKuhIbTQiaDD7wX7eEz
bedroom,fuckboy vibes,echo & ember,2iR59CkfUSB4wfu1qRfCro
bedroom,Magic Mike Playlist 😏,Mia,26ASrk4VVFIpimdMH4GGJI
bedroom,18+ Bedroom Moans Love pleasures sounds,Moaning Asmr orgasm Sex Sounds,3awrGKWJX65rlzYQMHqkYi
bedroom,chill rnb n soul bedroom playlist,Washuma,5NDWqDywxBHyLH33dpGA5z
bedroom,2019 bedroom pop,micaela..vazquez,7yRMoPegStfOmRNLVZSAyO
bedroom,girly bedroom pop,FERNANDA RAMIREZ,6qpWUHsaEu1Cs0UAc3gVsD
bedroom,Sex Songs 2026 😈 Bedroom Playlist,Den Haku Records,5INRJHYwsLHOcgsKr0fR01
bedroom,slow and sensual,ebrahimreha,3zAJyN1T2PWH8OxfpdslXh
late night,R&B Late night drive 🚗,No Hoes,0X4K4T2IqcV3MAZ7HhB8Qy
late night,LATE NIGHT,Zvb0802,0fT9BrBRuHtxSNm9oK5Ujg
late night,LATE NIGHT ,arhazi123,0jrM8h69Z8ux6n5lwl7CgZ
late night,late night walks/drives🫶,manju,4Loq6LK5uFHpAEDsqWU5ZL
late night,LATE NIGHT,廣大,0D9sKtibl2ByBoJc972tUu
late night,pov: midnight drives,riri,5GhUJO15hP1wLqyns4zM0g
late night,late night playlist~🌌🍃,celineyyuhhhh,5tF7ZMncK9GMN7WuwO0kiz
late night,late night vibes,junyi,2zCGeCtjYshzIz6ypxF9sN
late night,Late night songs,Finest,149lSeuexkilttNmO5PFI4
late night,late night chills🌙 ,Rovi Kurt,5Hq7VweRmtEf9Gw9H2HuMC
late night,Late nights~,Eri Ulaj,1YjEfAepbwb0hDg7y5CSGu
late night,Late Night ,epicrasta,4kJBYTwlxFU35xJhBkmqBw
late night,LATE NIGHT ,Kaan,3YQecmpN3UZ8FhStAkpVZO
late night,"Late Night R&B Mix — Drake, PND, SZA",maxmusic.pr,0MuyeAHMxIgGuJvZ5Lr41X
late night,best rnb playlist,Travnextdoor,5zCdhPJHI9kgYsgkSBEWT0
late night,late night vibes ft. filipino songs,sleepwell baby,2PBXQxFMV0OCTHM6L3bzmo
late night,"Late Night Wave, UK Chill Rap & Vibes",Vilanté,6ctyXBNddkDhWoRwTjA2yE
late night,late night bus ride ni manong,aj,1YlCNED7ifZIudTJQP2DwH
late night,late night hit,jucelskie,307mcTijNl9ps1lbTTr4v3
late night,LATE NIGHTS,aniellka,1WgOFfc2CFIFOzCBRwvJyo
late night,LATE NIGHTS,justthehook,6qWrzB6Uo4rWPkUh7zWmaf
late night,late night tambay,Xania,0gOsqMDoyVpwcbhV1qrMl5
late night,LATE NIGHT VIBES,Kaman,2tQoU7w3CZDdICZVH7uCVP
late night,bgc late night drives,ica,2VPDJXjCBR7101eKn9ALK5
late night,"R&B Late Night Vibes — Drake, SZA, Frank Ocean",MaxMusic,5BMh1H22LsB00yVOge6Us7
late night,Roadtrip 🇵🇭 Jamming,L.Archt.JC,0gorcxEuNHGjKJJtxQQu7K
late night,late night tambay,gwennie,1ot2owoxexaVQ1R8xt0MEN
late night,late nights deep talks,barbara spoljarec,4pqlXh5vwIj250T79jHfzA
late night,Late Night Thoughts.,Christian Brigondo,74viwYQRqowmzoM0N1y3eT
late night,LATE NIGHT SONGS,mitzz,1EpVkmPGXjjTYyZJq5FKE3
late night,chill late night shower playlist,𝔰𝔞𝔫𝔡𝔯𝔞✧,6r8mXpgP9fFJ8vSLsKwPWO
late night,Late Night Songs,Denmark Fio,4b9Iu4bxipZf6uHv1zaKhz
late night,pinoy late night vibes,Harris,5byU5N3otzmaJbGVxrHk0S
late night,Easy Listening 96.3 EasyRock 94.7 Mellow Touch,liadnalla,2czWW5AMpx7w7oxC3vw5yM
late night,Disco Remix Party Mix 2026 | Chill Dance Hits | Club Music Top 100 Songs | DJ Remixes,Only Raw Records,4Qt7qrXwuv4t9B34g0dExK
late night,Late Night RNB | Chill Driving Vibes,Travnextdoor,1kC40MymenggMpF6bQKCej
late night,late night drives with the windows down,a,1OORzXSCBqvlrDj2wINTJJ
late night,Classic Late Night Mellow Love Songs,IronPitt,4LCTjIs6YKljirCMVu3PEZ
late night,night ride vibes 💣,K,1jFKsQFTltQj5otLmOJ9Q8
late night,RnB Chill night ride 🚔,🌙,2v4MVv466YjpquOqRcr7Vo
